Tema I,,,
 Simbologia Teológica na Grécia,,,
 Simbologia Pré-Helênica,,,
                  A Grande Deusa Mãe,,,
                 Simbologia na Grécia Clássica,,,
                  Teogonia,,,
                   1.                  A Primeira Dinastia Olimpiana,,,
                   2.                  A Segunda Dinastia Olimpiana,,,
                   3.                  A Terceira Dinastia Olimpiana,,,
Tema II - O Panteão Grego,,,
                  Divindades Primordiais Olimpianas,,,
           1.                  Zeus,,,
           2.                  Hera,,,
           3.                  Atena,,,
          4.                  Apolo,,,
          5.                  Artemisa,,,
           6.                  Hermes,,,
           7.                  Ares,,,
            8.                  Hefestos,,,
           9.                  Afrodite,,,
                     1.                  Eros,,,
                    2.                  Cáritas,,,
          10.              Poseidon,,,
          11.              Héstia,,,
2.                  Divindades Primordiais da Terra,,,
         1.                  Cibele,,,
         2.                  Deméter,,,
         3.                  Dionísio,,,
3.                  Divindades Primordiais do Mundo Subterrâneo,,,
          1.                  Hades,,,
          2.                  Hécate,,,
          3.                  Tânatos,,,
4.                  Divindades Secundárias do Olimpo,,,
          1.                  Têmis,,,
          2.                  Íris,,,
          3.                  Hebe,,,
          4.                  Ganimedes,,,
          5.                  As Horas,,,
5.                  Divindades Estelares,,,
          1.                  Hélios,,,
         2.                  Selene,,,
         3.                  Eos,,,
6.                  Constelações,,,29 a 31
          1.                  Órion,,,
          2.                  As Plêiades,,,
          3.                  As Híades,,,
7.                  Deidades dos Ventos,,,
           1.                  Bóreas,,,
          2.                  Zéfiro,,,
          3.                  Euro,,,
          4.                  Noto,,,
          5.                  Éolo,,,
8.                  Ventos Tempestuosos,,,
               1.                  Quimera,,,
              2.                  As Hárpias,,,
9.                  Deidades das Águas e do Mar,,,
           1.                  Ponto,,,
           2.                  Oceano,,,
           3.                  Nereu,,,
           4.                  Proteu,,,
           5.                  Forcis,,,
          6.                  Glauco,,,
           7.                  Tritões,,,
           8.                  Sereias,,,
           9.                  Os Rios,,,
          10.              Ninfas,,,
10.              Os Heróis,,,
            1.                  Teseu,,,
            2.                  Héracles,,,
           3.                  O Escudo de Héracles,,,
,,,
,,,
,,,
11.              O Timeu,,,
,,,
,,,
12.              Considerações Finais,,,
Tema III – Simbologia Teológica em Roma,,,
1.                  Introdução,,,
2.                  Deuses do Estado,,,
           1.                  Janos,,,
           2.                  Marte,,,
           3.                  Júpiter,,,
           4.                  Juno,,,
           5.                  Vesta,,,
           6.                  Vulcano,,,
            7.                  Saturno,,,
            8.                  Minerva,,,
           9.                  Mercúrio,,,
3.                  Divindades Agrícolas,,,
           1.                  Fauno,,,
          2.                  Ceres,,,
         3.                  Diana,,,
          4.                  Vertumno,,,
          5.                  Vênus,,,
4.                  Divindades Infernais,,,
           1.                  Dis Pater,,,
            2.                  Orco,,,
           3.                  Lemures, Larvas,,,
            4.                  Manes,,,
5.                  Divindades das Águas,,,
           1.                  Diuturna,,,
          2.                  Neptuno,,,
6.                  Divindades das Cidades,,,
               1.                  Fortuna,,,
              2.                  Gênio,,,
              3.                  Terminus,,,
7.                  Heróis Divinizados,,,
              1.                  Hércules,,,
              2.                  Rômulo e Remo,,,
               3.                  Enéias,,,
8.                  Divindades da Família,,,
                  1.                  Gênio,,,
                 2.                  Os Penates,,,
                3.                  Lar,,,
9.                  Contribuições Orientais,,,
